<?xml version="1.0" encoding="UTF-8"?><rss version="2.0"
	xmlns:content="http://purl.org/rss/1.0/modules/content/"
	xmlns:wfw="http://wellformedweb.org/CommentAPI/"
	xmlns:dc="http://purl.org/dc/elements/1.1/"
	xmlns:atom="http://www.w3.org/2005/Atom"
	xmlns:sy="http://purl.org/rss/1.0/modules/syndication/"
	xmlns:slash="http://purl.org/rss/1.0/modules/slash/"
	>

<channel>
	<title></title>
	<atom:link href="/feed/" rel="self" type="application/rss+xml" />
	<link>/</link>
	<description></description>
	<lastBuildDate>Wed, 09 Oct 2024 04:33:11 +0000</lastBuildDate>
	<language>es</language>
	<sy:updatePeriod>
	hourly	</sy:updatePeriod>
	<sy:updateFrequency>
	1	</sy:updateFrequency>
	<generator>https://wordpress.org/?v=6.6.2</generator>
	<item>
		<title>Hello world!</title>
		<link>/hello-world/</link>
					<comments>/hello-world/#comments</comments>
		
		<dc:creator><![CDATA[fulldevlatam@gmail.com]]></dc:creator>
		<pubDate>Wed, 09 Oct 2024 04:33:11 +0000</pubDate>
				<category><![CDATA[Uncategorized]]></category>
		<guid isPermaLink="false">/?p=1</guid>

					<description><![CDATA[<p>Welcome to WordPress. This is your first post. Edit or delete it, then start writing!</p>
<p>The post <a href="/hello-world/">Hello world!</a> first appeared on <a href="/"></a>.</p>]]></description>
										<content:encoded><![CDATA[<p>Welcome to WordPress. This is your first post. Edit or delete it, then start writing!</p><p>The post <a href="/hello-world/">Hello world!</a> first appeared on <a href="/"></a>.</p>]]></content:encoded>
					
					<wfw:commentRss>/hello-world/feed/</wfw:commentRss>
			<slash:comments>1</slash:comments>
		
		
			</item>
	</channel>
</rss>
